	Protein ID	Prob(Pre)	Prob(Post)	Predicted Class
0	sp|P86523|PA2AA_ACAAN	0.0008603334426879883	0.999139666557312	Post
1	sp|Q8UUH9|PA2B9_LATCO	0.0022121667861938477	0.9977878332138062	Post
2	sp|P86525|PA2HC_ACAAN	0.9430284276604652	0.05697157233953476	Pre
3	sp|Q6EAN6|PA2A_SISTE	0.0034444332122802734	0.9965555667877197	Post
4	sp|Q8UW08|PA2B0_HYDHA	6.4373016357421875e-06	0.9999935626983643	Post
5	sp|Q90251|PA2A6_BUNMU	7.3909759521484375e-06	0.9999926090240479	Post
6	sp|P0DJN0|PA2B1_CROVE	0.01514589786529541	0.9848541021347046	Post
7	sp|Q8UUI0|PA2B1_LATCO	1.728534698486328e-05	0.9999827146530151	Post
8	sp|Q6EER3|PA2B2_SISTE	0.00106126070022583	0.9989387392997742	Post
9	sp|P86453|PA2HB_BOTAL	0.0021077990531921387	0.9978922009468079	Post
10	sp|P00609|PA2B5_NOTSC	3.910064697265625e-05	0.9999608993530273	Post
11	sp|Q6YIJ3|PA2A_BUNCA	2.300739288330078e-05	0.9999769926071167	Post
12	sp|P86169|PA2BA_CRODR	0.0013310909271240234	0.998668909072876	Post
13	sp|Q90W39|PA2BT_PROMU	0.0007495284080505371	0.9992504715919495	Post
14	sp|P17935|PA2HL_VIPAA	0.004109382629394531	0.9958906173706055	Post
15	sp|P62022|PA2BC_CRODU	0.0014446377754211426	0.9985553622245789	Post
16	sp|P86804|PA2B2_BOTMA	0.015108883380889893	0.9848911166191101	Post
17	sp|P0C943|PA2B2_LACMU	0.42070472240448	0.57929527759552	Post
18	sp|P0DM49|PA2X1_BOTPA	0.896180585026741	0.10381941497325897	Pre
19	sp|P18999|PA2_DABSI	0.363031268119812	0.636968731880188	Post
20	sp|Q8AY48|PA2B1_BUNCA	3.802776336669922e-05	0.9999619722366333	Post
21	sp|P21791|PA22_MICNI	0.049101173877716064	0.9508988261222839	Post
22	sp|Q45Z47|PA22_OXYSC	2.0384788513183594e-05	0.9999796152114868	Post
23	sp|P62023|PA2B1_CROSS	0.0014446377754211426	0.9985553622245789	Post
24	sp|P11407|PA2BC_VIPAA	0.005227506160736084	0.9947724938392639	Post
25	sp|P10116|PA2B2_LATCO	0.0009617805480957031	0.9990382194519043	Post
26	sp|B3A0N3|PA2B3_BOTMA	0.8514989018440247	0.14850109815597534	Pre
27	sp|P00627|PA2B6_BUNFA	5.7220458984375e-06	0.9999942779541016	Post
28	sp|Q8UUH7|PA2BK_LATCO	0.00011324882507324219	0.9998867511749268	Post
29	sp|Q9DF52|PA2B_BUNCE	5.2809715270996094e-05	0.999947190284729	Post
30	sp|P04417|PA2B_GLOBL	0.001086115837097168	0.9989138841629028	Post
31	sp|P00610|PA2B_HYDSC	1.2159347534179688e-05	0.9999878406524658	Post
32	sp|Q6EER2|PA2BB_SISTE	0.001120150089263916	0.9988798499107361	Post
33	sp|P0DJN1|PA2B1_CRODM	0.01514589786529541	0.9848541021347046	Post
34	sp|P14421|PA2N_GLOHA	0.0013629794120788574	0.9986370205879211	Post
35	sp|P00618|PA2B2_BUNMU	4.2557716369628906e-05	0.9999574422836304	Post
36	sp|P0DJN4|PA2B2_CROMT	0.012691199779510498	0.9873088002204895	Post
37	sp|P0DM50|PA2X2_BOTPA	0.8222943842411041	0.17770561575889587	Pre
38	sp|P59018|PA2B5_BUNMU	1.1205673217773438e-05	0.9999887943267822	Post
39	sp|Q5K0C4|O161_CONCE	0.0002498030662536621	0.9997501969337463	Post
40	sp|P69757|O16A_CONSE	0.0007796287536621094	0.9992203712463379	Post
41	sp|Q9BPA5|O168_CONVE	0.0006545186042785645	0.9993454813957214	Post
42	sp|P58917|O16A_CONCT	0.010527193546295166	0.9894728064537048	Post
43	sp|P58914|O16A_CONRA	0.009427368640899658	0.9905726313591003	Post
44	sp|P0CB10|O162_CONAJ	0.00019496679306030273	0.9998050332069397	Post
45	sp|P05484|O17A_CONMA	0.00011897087097167969	0.9998810291290283	Post
46	sp|P01522|O16A_CONGE	0.0007567405700683594	0.9992432594299316	Post
47	sp|P69753|O16A_CONMA	0.00039142370223999023	0.99960857629776	Post
48	sp|P69751|O16E_CONCT	0.00035440921783447266	0.9996455907821655	Post
49	sp|Q9U647|O194_CONTE	6.699562072753906e-05	0.9999330043792725	Post
50	sp|P0C832|O167_CONST	0.000406801700592041	0.999593198299408	Post
51	sp|P0CB11|O163_CONAJ	0.006265461444854736	0.9937345385551453	Post
52	sp|Q9XYZ1|O162A_CONPL	0.004221677780151367	0.9957783222198486	Post
53	sp|Q9XZK4|O165_CONST	9.047985076904297e-05	0.999909520149231	Post
54	sp|P58915|O16A_CONTU	0.004271805286407471	0.9957281947135925	Post
55	sp|P56714|O17_CONTE	0.011214971542358398	0.9887850284576416	Post
56	sp|Q5K0D8|O162_CONST	0.0004718303680419922	0.999528169631958	Post
57	sp|P0C8V7|O163_CONAH	8.761882781982422e-05	0.9999123811721802	Post
58	sp|P0C8V8|O164_CONAH	0.0004913806915283203	0.9995086193084717	Post
59	sp|Q9BH84|O162_CONAE	0.000949561595916748	0.9990504384040833	Post
60	sp|Q9XYZ0|O161A_CONPL	1.2993812561035156e-05	0.999987006187439	Post
61	sp|Q9XZK3|O164_CONST	0.0009609460830688477	0.9990390539169312	Post
62	sp|Q5K0C0|O163_CONIM	0.00016438961029052734	0.9998356103897095	Post
63	sp|P56713|O16B_CONPE	6.687641143798828e-05	0.999933123588562	Post
64	sp|Q9XZL3|O16O6_CONTE	0.0017940998077392578	0.9982059001922607	Post
65	sp|P0CC15|O16D_CONCN	0.00011587142944335938	0.9998841285705566	Post
66	sp|P0DKR4|PA2AB_PSEFE	0.05128663778305054	0.9487133622169495	Post
67	sp|P0DJM6|PA2B_PROMB	0.0072563886642456055	0.9927436113357544	Post
68	sp|P0CAS1|PA2B6_CRODM	0.06493276357650757	0.9350672364234924	Post
69	sp|P84472|PA2BT_BUNCA	0.02312368154525757	0.9768763184547424	Post
70	sp|P84475|PA2BA_BUNCA	0.02312368154525757	0.9768763184547424	Post
71	sp|P24027|PA2BA_CRODU	0.0003107786178588867	0.9996892213821411	Post
72	sp|P00628|PA2BV_BUNFA	1.0371208190917969e-05	0.9999896287918091	Post
73	sp|Q9PTA7|PA2B_BUNMU	9.429454803466797e-05	0.9999057054519653	Post
74	sp|P86803|PA2B1_BOTMA	0.015108883380889893	0.9848911166191101	Post
75	sp|P31100|PA2A7_DABSI	0.060211241245269775	0.9397887587547302	Post
76	sp|P00608|PA2B_NOTSC	1.4781951904296875e-05	0.9999852180480957	Post
77	sp|Q8JFG0|PA2B_VIPAP	0.432172954082489	0.567827045917511	Post
78	sp|P0DKT7|PA2CA_OXYSA	0.000996410846710205	0.9990035891532898	Post
79	sp|Q8AY47|PA2B2_BUNCA	0.0007938742637634277	0.9992061257362366	Post
80	sp|Q8QFW3|PA2B2_BUNCE	6.4849853515625e-05	0.9999351501464844	Post
81	sp|Q1RP78|PA2B2_VIPNI	0.10311371088027954	0.8968862891197205	Post
82	sp|Q8UW30|PA2B7_HYDHA	1.3113021850585938e-05	0.9999868869781494	Post
83	sp|Q7M3V4|PAO1_VESOR	0.005653679370880127	0.9943463206291199	Post
84	sp|P56712|O16A_CONPE	0.00010919570922851562	0.9998908042907715	Post
85	sp|Q9XZL4|O161_CONST	0.0015398263931274414	0.9984601736068726	Post
86	sp|Q5K0B9|O162_CONIM	3.8743019104003906e-05	0.999961256980896	Post
87	sp|P08878|PA1A_CRODU	0.013364970684051514	0.9866350293159485	Post
88	sp|P30811|PA2AC_PSETE	0.00010263919830322266	0.9998973608016968	Post
89	sp|P24644|PA21_CALBG	0.005932450294494629	0.9940675497055054	Post
90	sp|P0DJN6|PA2BB_CROHD	0.01514589786529541	0.9848541021347046	Post
91	sp|Q90WA7|PA2B1_BUNFA	6.198883056640625e-06	0.9999938011169434	Post
92	sp|P00617|PA2B1_BUNMU	4.1484832763671875e-05	0.9999585151672363	Post
93	sp|Q10755|PA2B_VIPAZ	0.0224759578704834	0.9775240421295166	Post
94	sp|Q7T1R1|PA2B2_BUNFL	9.334087371826172e-05	0.9999066591262817	Post
95	sp|Q3YEF3|O1661_CONTE	0.0001856684684753418	0.9998143315315247	Post
96	sp|Q5K0D5|O16F_CONST	0.0015398263931274414	0.9984601736068726	Post
97	sp|Q3YED6|O167_CONMR	0.00019174814224243164	0.9998082518577576	Post
98	sp|Q9U654|O16K_CONTE	0.011673510074615479	0.9883264899253845	Post
99	sp|Q9U645|O16L_CONTE	2.6941299438476562e-05	0.9999730587005615	Post
100	sp|P0CC14|O16C_CONCN	0.00016677379608154297	0.9998332262039185	Post
101	sp|P58919|O16C_CONCT	0.01128232479095459	0.9887176752090454	Post
102	sp|Q26350|O17D_CONMA	0.007824838161468506	0.9921751618385315	Post
103	sp|P14411|PA2BA_BUNFA	9.059906005859375e-06	0.9999909400939941	Post
104	sp|P84474|PA2BU_BUNCA	0.5294836759567261	0.4705163240432739	Pre
105	sp|P23028|PA2AD_PSETE	6.473064422607422e-05	0.9999352693557739	Post
106	sp|P21790|PA21_MICNI	0.0008447170257568359	0.9991552829742432	Post
107	sp|Q8QFW4|PA2B1_BUNCE	3.981590270996094e-05	0.99996018409729	Post
108	sp|Q9PU97|PA2B7_BUNMU	0.0006734132766723633	0.9993265867233276	Post
109	sp|P59071|PA2B8_DABRR	0.00768887996673584	0.9923111200332642	Post
110	sp|P17934|PA2A4_BUNMU	2.8252601623535156e-05	0.9999717473983765	Post
111	sp|A4VBF0|PA2H_VIPNI	0.08785909414291382	0.9121409058570862	Post
112	sp|Q45Z42|PA2PA_OXYMI	1.2040138244628906e-05	0.9999879598617554	Post
113	sp|Q7LZQ6|PA2BD_BUNFA	0.031160473823547363	0.9688395261764526	Post
114	sp|P0CAS9|PA2B1_MICPY	0.8876881971955299	0.11231180280447006	Pre
115	sp|P00614|PA2TA_OXYSC	5.364418029785156e-06	0.9999946355819702	Post
116	sp|Q75S51|PA2B4_BUNCA	4.1484832763671875e-05	0.9999585151672363	Post
117	sp|Q9PTA1|PA2BA_BUNMU	6.902217864990234e-05	0.9999309778213501	Post
118	sp|P23026|PA2BA_PSETE	6.0439109802246094e-05	0.9999395608901978	Post
119	sp|Q1ZY03|PA2B_DEIAC	0.004109025001525879	0.9958909749984741	Post
120	sp|P0DKR5|PA2B2_PSEFE	0.006524980068206787	0.9934750199317932	Post
121	sp|P00629|PA2B3_BUNFA	1.0371208190917969e-05	0.9999896287918091	Post
122	sp|P58916|O17H_CONCN	0.002016901969909668	0.9979830980300903	Post
123	sp|Q5K0D2|O19_CONST	0.0011088252067565918	0.9988911747932434	Post
124	sp|P00626|PA2BA_VIPAA	0.0011026859283447266	0.9988973140716553	Post
125	sp|Q6SLM2|PA2A1_BUNCE	8.916854858398438e-05	0.999910831451416	Post
126	sp|P0DJN3|PA2B2_CRODM	0.012691199779510498	0.9873088002204895	Post
127	sp|P0CAS2|PA2B6_CRODO	0.0033556222915649414	0.9966443777084351	Post
128	sp|P58928|CEX_CONCN	0.007605552673339844	0.9923944473266602	Post
129	sp|P05483|U7AB_CONGE	0.006070733070373535	0.9939292669296265	Post
130	sp|P30288|TX23A_AGEAP	0.9503729268908501	0.04962707310914993	Pre
131	sp|P31328|TXAG_ALLOP	0.0043656229972839355	0.9956343770027161	Post
132	sp|P56676|TXH1_HAPSC	0.8777584284543991	0.12224157154560089	Pre
133	sp|P83303|TXH4_HAPSC	0.01052790880203247	0.9894720911979675	Post
134	sp|P55816|TXI11_DIGCA	0.0032306909561157227	0.9967693090438843	Post
135	sp|P55817|TXI12_DIGCA	0.0005754232406616211	0.9994245767593384	Post
136	sp|P49126|TXI92_DIGCA	0.00018960237503051758	0.9998103976249695	Post
137	sp|P33034|TOG3A_AGEAP	0.0002905726432800293	0.99970942735672	Post
138	sp|P34079|TX22A_PLETR	0.00568842887878418	0.9943115711212158	Post
139	sp|P37045|TX23B_AGEAP	0.0036818981170654297	0.9963181018829346	Post
140	sp|B6DD30|TX2M2_LYCSI	0.0005006790161132812	0.9994993209838867	Post
141	sp|Q5Y4U2|TXAG1_AGEOR	0.003103017807006836	0.9968969821929932	Post
142	sp|P60975|TXHA5_HAPHA	0.00019878149032592773	0.9998012185096741	Post
143	sp|B6DD33|TX2M5_LYCSI	0.004055321216583252	0.9959446787834167	Post
144	sp|P0DL38|TX21A_PLETR	0.0004951953887939453	0.999504804611206	Post
145	sp|P83301|U6VN_CONVE	2.9087066650390625e-05	0.9999709129333496	Post
146	sp|B6DD29|TX2M1_LYCSI	0.003577709197998047	0.996422290802002	Post
147	sp|B6DD31|TX2M3_LYCSI	0.0022313594818115234	0.9977686405181885	Post
148	sp|B6DD32|TX2M4_LYCSI	0.0005006790161132812	0.9994993209838867	Post
149	sp|P15970|TOG1B_AGEAP	0.0024295449256896973	0.9975704550743103	Post
150	sp|P15971|TOG2A_AGEAP	0.0027728676795959473	0.997227132320404	Post
151	sp|P81744|TOG3B_AGEAP	7.37905502319336e-05	0.9999262094497681	Post
152	sp|P81745|TOG3C_AGEAP	0.0002980828285217285	0.9997019171714783	Post
153	sp|P00987|VKTH1_BUNMU	0.9432286769151688	0.05677132308483124	Pre
154	sp|Q75S49|VKTH4_BUNCA	0.9432286769151688	0.05677132308483124	Pre
155	sp|Q1RPT0|VKTH4_BUNMU	0.09394872188568115	0.9060512781143188	Post
156	sp|Q1RPS9|VKTH5_BUNMU	0.016850173473358154	0.9831498265266418	Post
157	sp|Q5Y4V5|T3G1D_AGEOR	0.0587390661239624	0.9412609338760376	Post
158	sp|P15969|TOG1A_AGEAP	0.0005202889442443848	0.9994797110557556	Post
159	sp|D2Y1X9|H3A01_HAPHA	0.0033851265907287598	0.9966148734092712	Post
160	sp|D2Y1Y0|H3A02_HAPHA	0.012243866920471191	0.9877561330795288	Post
161	sp|D2Y1Y1|H3A03_HAPHA	0.012146949768066406	0.9878530502319336	Post
162	sp|D2Y1Y2|H3A04_HAPHA	0.012243866920471191	0.9877561330795288	Post
163	sp|D2Y1Y3|H3A05_HAPHA	0.003164827823638916	0.9968351721763611	Post
164	sp|D2Y1Z4|H3A06_HAPHA	0.003246128559112549	0.9967538714408875	Post
165	sp|D2Y2D2|H3A10_HAPHA	0.0033851265907287598	0.9966148734092712	Post
166	sp|D2Y1Y4|H3B01_HAPHA	0.004650413990020752	0.9953495860099792	Post
167	sp|D2Y1Y6|H3C01_HAPHA	0.023332953453063965	0.976667046546936	Post
168	sp|D2Y1Y7|H3D01_HAPHA	0.004650413990020752	0.9953495860099792	Post
169	sp|D2Y1Y8|H3E01_HAPHA	0.004650413990020752	0.9953495860099792	Post
170	sp|D2Y1Z0|H3G01_HAPHA	0.004650413990020752	0.9953495860099792	Post
171	sp|D2Y1Z2|H3I01_HAPHA	0.0005338788032531738	0.9994661211967468	Post
172	sp|D2Y201|H3L01_HAPHA	0.0033851265907287598	0.9966148734092712	Post
173	sp|D2Y202|H3M01_HAPHA	0.004650413990020752	0.9953495860099792	Post
174	sp|D2Y2I5|H3O01_HAPHA	0.0033851265907287598	0.9966148734092712	Post
175	sp|P83974|JZT1A_CHIGU	0.5078279376029968	0.4921720623970032	Pre
176	sp|P0DJE4|LATA_LATMA	0.0035489797592163086	0.9964510202407837	Post
177	sp|G0LXV8|LATA_LATHA	0.00018709897994995117	0.99981290102005	Post
178	sp|Q9XZC0|LCTA_LATTR	5.066394805908203e-05	0.9999493360519409	Post
179	sp|P0DJE5|LITA_LATHA	0.006881356239318848	0.9931186437606812	Post
180	sp|Q02989|LITA_LATTR	9.09566879272461e-05	0.9999090433120728	Post
181	sp|P0DJE6|LITD_LATHA	0.01377803087234497	0.986221969127655	Post
182	sp|P0DJE7|LITD_LATHE	0.002344846725463867	0.9976551532745361	Post
183	sp|Q25338|LITD_LATTR	6.866455078125e-05	0.9999313354492188	Post
184	sp|P0CI41|CUG6A_CONCL	0.149974524974823	0.850025475025177	Post
185	sp|Q9BPG6|CT5AB_CONTE	0.0008623600006103516	0.9991376399993896	Post
186	sp|P81755|CT5A_CONTE	0.0008623600006103516	0.9991376399993896	Post
187	sp|P81782|3NOJ_BUNCA	0.016990959644317627	0.9830090403556824	Post
188	sp|P25682|3NOJ6_DENJA	0.008625447750091553	0.9913745522499084	Post
189	sp|C0HKZ8|3NOJ_WALAE	0.06239348649978638	0.9376065135002136	Post
190	sp|P84027|32C7_ANCSP	0.005720376968383789	0.9942796230316162	Post
191	sp|P0C603|3NBA_BOIDE	0.4979243278503418	0.5020756721496582	Post
192	sp|B1P1B7|JZT1B_CHIGU	0.5078279376029968	0.4921720623970032	Pre
193	sp|B1P1B8|JZT1C_CHIGU	0.5078279376029968	0.4921720623970032	Pre
194	sp|Q9PTA2|IVBL_BUNMU	0.36068832874298096	0.639311671257019	Post
195	sp|P23631|LATA_LATTR	0.00012111663818359375	0.9998788833618164	Post
196	sp|P0DJE3|LATA_LATHE	6.92605972290039e-05	0.999930739402771	Post
197	sp|P21792|PA23_MICNI	0.001599133014678955	0.998400866985321	Post
198	sp|Q7T2R1|PA2AA_DABSI	0.09609216451644897	0.903907835483551	Post
199	sp|P00619|PA2A3_BUNMU	3.981590270996094e-05	0.99996018409729	Post
200	sp|Q805A2|PA2BN_PROFL	0.0028426647186279297	0.9971573352813721	Post
201	sp|Q7T1R0|PA2B1_BUNFL	9.763240814208984e-05	0.9999023675918579	Post
202	sp|P0DJM7|PA2B_PROTO	0.0072563886642456055	0.9927436113357544	Post
203	sp|Q9PTA5|PA2BD_BUNMU	1.9550323486328125e-05	0.9999804496765137	Post
204	sp|P0DJN5|PA2B3_CRODU	0.007023274898529053	0.992976725101471	Post
205	sp|B2KJ30|O168_CONST	0.001004040241241455	0.9989959597587585	Post
206	sp|Q9XZL5|O16A2_CONST	0.0015398263931274414	0.9984601736068726	Post
207	sp|P69755|O16C_CONMA	6.16312026977539e-05	0.9999383687973022	Post
208	sp|Q5K0D6|O16C_CONST	0.0009609460830688477	0.9990390539169312	Post
209	sp|Q6YNQ0|PA2A3_BUNCA	2.300739288330078e-05	0.9999769926071167	Post
210	sp|Q7T3T5|PA2AB_DABSI	0.005424618721008301	0.9945753812789917	Post
211	sp|P00622|PA2B_BITCA	1.33514404296875e-05	0.9999866485595703	Post
212	sp|P23027|PA2BB_PSETE	5.447864532470703e-05	0.9999455213546753	Post
213	sp|P24645|PA22_CALBG	0.0001996159553527832	0.9998003840446472	Post
214	sp|P0DJM9|PA2B1_CROBA	0.01514589786529541	0.9848541021347046	Post
215	sp|Q1RP79|PA2B1_VIPNI	0.10311371088027954	0.8968862891197205	Post
216	sp|Q90WA8|PA2B2_BUNFA	5.7220458984375e-06	0.9999942779541016	Post
217	sp|Q8UUH8|PA2BH_LATCO	1.728534698486328e-05	0.9999827146530151	Post
218	sp|P0DJM8|PA2BI_GLOSA	0.002600550651550293	0.9973994493484497	Post
219	sp|P86524|PA2HB_ACAAN	0.00028139352798461914	0.9997186064720154	Post
220	sp|Q6SLM0|PA2B3_BUNCE	0.00031816959381103516	0.999681830406189	Post
221	sp|Q02471|PA2B4_DABSI	0.6913819313049316	0.30861806869506836	Pre
222	sp|P0DKR3|PA2AA_PSEFE	0.005764424800872803	0.9942355751991272	Post
223	sp|P18998|PA2A_CROSS	0.0035890936851501465	0.9964109063148499	Post
224	sp|P18997|PA2B_GLOHA	0.38581621646881104	0.614183783531189	Post
225	sp|P14424|PA2BB_VIPAA	0.0021622776985168457	0.9978377223014832	Post
226	sp|Q9PTA6|PA2BC_BUNMU	0.00018090009689331055	0.9998190999031067	Post
227	sp|P0CC13|O16B_CONCN	4.7326087951660156e-05	0.9999526739120483	Post
228	sp|P69749|O16A_CONBU	0.2706860899925232	0.7293139100074768	Post
229	sp|P69756|O16D_CONMA	0.00010943412780761719	0.9998905658721924	Post
230	sp|P58918|O16B_CONCT	0.03952300548553467	0.9604769945144653	Post
231	sp|P05485|O17B_CONMA	0.00045496225357055664	0.9995450377464294	Post
232	sp|Q5K0D3|O16L6_CONST	8.082389831542969e-05	0.9999191761016846	Post
233	sp|P69761|O164_CONVC	2.5033950805664062e-05	0.9999749660491943	Post
234	sp|Q9U651|O161_CONTE	0.02522653341293335	0.9747734665870667	Post
235	sp|Q9XZK8|O1X1_CONTE	0.0008287429809570312	0.999171257019043	Post
236	sp|Q9U644|O1631_CONTE	0.721950352191925	0.27804964780807495	Pre
237	sp|P69754|O16B_CONMA	0.0009326338768005371	0.9990673661231995	Post
238	sp|P37300|O17C_CONMA	0.8357935696840286	0.16420643031597137	Pre
239	sp|Q9XZL1|O164_CONTE	1.7762184143066406e-05	0.9999822378158569	Post
240	sp|Q9XZL2|O165_CONTE	0.00909888744354248	0.9909011125564575	Post
241	sp|Q9XZK5|O16E_CONST	0.0008622407913208008	0.9991377592086792	Post
242	sp|P69752|O16B_CONER	0.00017058849334716797	0.9998294115066528	Post
243	sp|Q9BP99|O163_CONAE	4.00543212890625e-05	0.9999599456787109	Post
244	sp|Q9XZL0|O163_CONTE	8.64267349243164e-05	0.9999135732650757	Post
245	sp|P28881|O16B_CONST	0.002050459384918213	0.9979495406150818	Post
246	sp|Q9XZK9|O16O2_CONTE	5.519390106201172e-05	0.999944806098938	Post
247	sp|Q9XZK2|O16O3_CONST	0.0010603070259094238	0.9989396929740906	Post
248	sp|P69748|O16A_CONAI	0.0006214380264282227	0.9993785619735718	Post
249	sp|P69750|O16A_CONCN	0.00011265277862548828	0.9998873472213745	Post
250	sp|P0CY60|O171_CONBU	0.09956300258636475	0.9004369974136353	Post
251	sp|P0C8V9|O165_CONAH	0.0013371706008911133	0.9986628293991089	Post
252	sp|P28880|O16A_CONST	0.0014761090278625488	0.9985238909721375	Post
253	sp|P0C831|O166_CONST	0.025013983249664307	0.9749860167503357	Post
254	sp|Q9U650|O162_CONTE	0.0028040409088134766	0.9971959590911865	Post
255	sp|Q9U648|O16M_CONTE	6.699562072753906e-05	0.9999330043792725	Post
256	sp|P58920|O16D_CONCT	3.361701965332031e-05	0.9999663829803467	Post
257	sp|P41736|POTX_PARCV	0.49770885705947876	0.5022911429405212	Post
258	sp|P69392|PMTXB_BATMC	0.00704723596572876	0.9929527640342712	Post
259	sp|P69391|PMTXA_ANOSM	0.0125846266746521	0.9874153733253479	Post
260	sp|P11061|T4G1E_AGEAP	0.16656064987182617	0.8334393501281738	Post
261	sp|Q5Y4V0|T4G1I_AGEOR	0.018806934356689453	0.9811930656433105	Post
262	sp|Q5Y4U9|T4G1J_AGEOR	0.005491912364959717	0.9945080876350403	Post
263	sp|P11060|T4G1D_AGEAP	0.16656064987182617	0.8334393501281738	Post
264	sp|Q5Y4V1|T4G1H_AGEOR	0.00335848331451416	0.9966415166854858	Post
265	sp|Q5Y4V4|T4G1E_AGEOR	0.06210029125213623	0.9378997087478638	Post
266	sp|P11057|T5G1A_AGEAP	0.004606127738952637	0.9953938722610474	Post
267	sp|P11062|T4G1F_AGEAP	0.008247554302215576	0.9917524456977844	Post
268	sp|Q5Y4V7|T3G1B_AGEOR	0.01357656717300415	0.9864234328269958	Post
269	sp|P60178|T3G1C_AGEAP	0.012462198734283447	0.9875378012657166	Post
270	sp|P11058|T2MG2_AGEAP	0.0015295147895812988	0.9984704852104187	Post
271	sp|A0A0G3F8Z3|TBO_TIBOB	0.0015118122100830078	0.998488187789917	Post
272	sp|P56587|TERT_APIME	0.07778012752532959	0.9222198724746704	Post
273	sp|Q8AY45|VKBH2_BUNCA	0.01667243242263794	0.9833275675773621	Post
274	sp|P00989|VKTH2_BUNMU	0.019636809825897217	0.9803631901741028	Post
275	sp|Q9W728|VKTH3_BUNMU	0.9239325597882271	0.07606744021177292	Pre
276	sp|Q0PL65|VKTH7_BUNMU	0.002414703369140625	0.9975852966308594	Post
277	sp|P84470|VKTH8_BUNCA	0.9989751640241593	0.0010248359758406878	Pre
278	sp|P84471|VKTH1_BUNCA	0.8748264461755753	0.12517355382442474	Pre
279	sp|P84473|VKTH2_BUNCA	0.9985886546783149	0.0014113453216850758	Pre
280	sp|Q75S50|VKTH3_BUNCA	0.04139596223831177	0.9586040377616882	Post
281	sp|B2KTG2|VKTH1_BUNFA	0.3227868676185608	0.6772131323814392	Post
282	sp|Q8AY44|VKTH7_BUNCA	0.04139596223831177	0.9586040377616882	Post
283	sp|Q8AY46|VKTHB_BUNCA	0.9556445255875587	0.044355474412441254	Pre
284	sp|Q7T2Q6|VKTHB_BUNFL	0.5777084827423096	0.42229151725769043	Pre
285	sp|B2KTG3|VKTH2_BUNFA	0.7335407435894012	0.26645925641059875	Pre
286	sp|Q1RPS8|VKTH6_BUNMU	0.01844966411590576	0.9815503358840942	Post
287	sp|D2Y232|H4A01_HAPHA	8.654594421386719e-05	0.9999134540557861	Post
288	sp|D2Y233|H4A02_HAPHA	8.654594421386719e-05	0.9999134540557861	Post
289	sp|D2Y2D7|H4A03_HAPHA	8.654594421386719e-05	0.9999134540557861	Post
290	sp|D2Y1Z7|H3A07_HAPHA	0.004537522792816162	0.9954624772071838	Post
291	sp|D2Y1Z8|H3A08_HAPHA	0.003476738929748535	0.9965232610702515	Post
292	sp|D2Y2D1|H3A09_HAPHA	0.004650413990020752	0.9953495860099792	Post
293	sp|D2Y2D3|H3A11_HAPHA	0.0033851265907287598	0.9966148734092712	Post
294	sp|D2Y2I3|H3A12_HAPHA	0.0033851265907287598	0.9966148734092712	Post
295	sp|D2Y1Y5|H3B02_HAPHA	0.004650413990020752	0.9953495860099792	Post
296	sp|D2Y1Z3|H3B03_HAPHA	0.004650413990020752	0.9953495860099792	Post
297	sp|D2Y1Z5|H3B04_HAPHA	0.006229102611541748	0.9937708973884583	Post
298	sp|D2Y1Z6|H3B05_HAPHA	0.004459798336029053	0.995540201663971	Post
299	sp|D2Y1Y9|H3F01_HAPHA	0.04461967945098877	0.9553803205490112	Post
300	sp|D2Y1Z1|H3H01_HAPHA	0.012243866920471191	0.9877561330795288	Post
301	sp|D2Y1Z9|H3J01_HAPHA	0.004650413990020752	0.9953495860099792	Post
302	sp|D2Y200|H3K01_HAPHA	0.0033851265907287598	0.9966148734092712	Post
303	sp|D2Y203|H3N01_HAPHA	0.029747307300567627	0.9702526926994324	Post
304	sp|D2Y2I6|H3P01_HAPHA	0.0033851265907287598	0.9966148734092712	Post
305	sp|D2Y234|H4B01_HAPHA	5.984306335449219e-05	0.9999401569366455	Post
306	sp|D2Y235|H4C01_HAPHA	0.00012552738189697266	0.999874472618103	Post
